Sentimen;review;
Positif;Suasana yg nyaman dan penuh semangat utk saling membantu dalam tukar pikiran dalam dunia bisnis maupun karyawan yang bekerja pada sebuah perusahaan...;
Positif;Mantap kopinx;
Positif;Kopinya mantap broo;
Positif;"Tabe, kalo mauki ngopi ngopi ayo Ngeteh datang maki Kesini murah meriah dan ramah. Spesial lagi ada WiFi gratisnya.
Barakallahu Fiikum";
Positif;Ngopi dulu biar gak Panik;
Positif;Mantap kopinya salam dari warkop daeng tutu;
Positif;Warkop ini tdk jauh dari warung makan salemo..., tempat tdk begitu besar tapi banyak disinggahi penikmat kopi, murah dan enak sekali kopinya....;
Positif;Mantap pelayanan nya di warkop salemo;
Positif;Ini warkop luar biasa murah cuma 10000  dan rasa kopinya luar biasa;
Positif;Kopi susunya nendaang....;
Positif;Kopinya enak;
Positif;Kopi tradisional murah dan enak;
Positif;Alhamdulillah...mantapp;
Positif;mantap pelayanannya dan ramah;
Positif;Terjangkau untuk kantong mahasiswa, cepat wifi;
Positif;Utara kota punya kopi;
Positif;Warkop pilihan krn byk menu;
Positif;Mantap kopix;
Positif;Enak kopix;
Positif;Sukses slu.;
Positif;Mantap;
Positif;Warkop Salemo;
Positif;Mantap;
Positif;Tempat ok buat nongkrong minum kopi dengan harga rakyat biasa..soal rasa boleh dicoba;
Positif;Mumtaz ??;
Positif;asyikkk;
Positif;Makyus;
Positif;Adama;
Positif;enak pokonya mantap;
Positif;dekat dengan kantor lurah jadi bisa ngeteh dulu;
Negatif;tidak tersedia kue kue atau gorengan;
Positif;sambil nunggu orderan ngopi dulu disini mantap;
Negatif;kadang wifenya tidak bagus;
Negatif;Tempatnya nyaman hanya tempat pasrkir mobil terbatas;
Positif;Tempat minum kopi dengan suana keluarga sendiri;
Positif;Mantp dan ok punya;
Positif;Andalan;
Negatif;agak panas ;
Positif;harga kopinya murah kopi ukkuran kecil Cuma 8ribu;
;;
;;
;;
;;
;;
;;
;;
;;
;;
;;
;;
;;
;;
;;
;;
